Product Name,Category,Brand,Regular Price,Sale Price,Sale Description,Unit,Flyer Start Date,Flyer End Date
Boneless Skinless Chicken Breast,Meat,,17.61,11.00,Save $6.61/kg,per kg,2026-09-24,2026-09-30
Red Bell Peppers,Produce,,1.99,1.25,,each,2026-09-24,2026-09-30
Long Grain White Rice,Pantry,Brand A,6.49,6.49,,2 kg bag,2026-09-24,2026-09-30
Black Beans,Pantry,Brand B,1.79,2/$3,2 for $3,540 ml can,2026-09-24,2026-09-30
Chunky Salsa,Pantry,Brand C,4.99,3.49,,650 ml,2026-09-24,2026-09-30
Penne Pasta,Pantry,Brand D,2.79,1.88,,900 g,2026-09-24,2026-09-30
Chicken Thighs,Meat,,13.21,8.80,,per kg,2026-09-24,2026-09-30
Old Cheddar Cheese,Dairy,Brand E,8.99,5.99,,400 g,2026-09-24,2026-09-30
Frozen Mixed Vegetables,Frozen,Brand F,4.49,2.99,,750 g,2026-09-24,2026-09-30
Roma Tomatoes,Produce,,3.28,2.18,,per kg,2026-09-24,2026-09-30
